Well,MD,X,Y,Z,TVD,Azimuth,Inclination
DEMO-01,0,500000,9200000,1500,0,0,0
DEMO-01,100,500012.2165364355,9200012.216536436,1402.0184463948983,97.98155360510165,45,20
DEMO-01,220,500065.61751145934,9200033.791592307,1297.9020218513567,202.09797814864322,80,40
DEMO-01,350,500158.4513672658,9200022.637314392,1209.2475208909957,290.7524791090042,110,55
DEMO-02,0,500080,9200040,1480,0,0,0
DEMO-02,120,500057.68494310987,9200027.116395898,1363.7716348340932,116.22836516590671,240,25
DEMO-02,250,500003.63436399057,9199977.514487488,1257.4899551369565,222.51004486304333,220,45
DEMO-02,380,499954.2447639225,9199888.338126639,1178.0745793199364,301.92542068006344,200,60
DEMO-03,0,499930,9199960,1510,0,0,0
DEMO-03,110,499939.82944489236,9199945.96209787,1401.8005192608186,108.19948073918128,145,18
DEMO-03,240,499965.3249949063,9199891.28699517,1287.4711381995787,222.52886180042117,160,38
DEMO-03,370,499983.6184216521,9199801.961811306,1195.517217092201,314.4827829077988,175,52
